document_id,image_path,split,tokens,bounding_boxes,labels,links,source_dataset,source_version
FUNSD_TRAIN_0001,data/raw/ocr/funsd/images/train_0001.png,train,"['CERTIFICATE' 'OF' 'ORIGIN' 'Exporter:' 'Bharat' 'Agro' 'Commodities'
 'Invoice' 'No:' 'BAC-2026-891']","[array([120,  45, 310,  75]) array([318,  48, 350,  75])
 array([358,  45, 480,  75]) array([ 50, 110, 140, 130])
 array([150, 110, 220, 130]) array([230, 110, 280, 130])
 array([290, 110, 420, 130]) array([ 50, 145, 120, 165])
 array([128, 145, 160, 165]) array([170, 145, 300, 165])]","['HEADER' 'HEADER' 'HEADER' 'QUESTION' 'ANSWER' 'ANSWER' 'ANSWER'
 'QUESTION' 'QUESTION' 'ANSWER']","[array([3, 4]) array([7, 9])]",FUNSD,v1.0
FUNSD_TEST_0001,data/raw/ocr/funsd/images/test_0001.png,test,"['BILL' 'OF' 'LADING' 'Vessel:' 'OCEAN' 'STAR' 'TITAN' 'Port' 'of'
 'Loading:' 'Nhava' 'Sheva']","[array([100,  30, 180,  60]) array([188,  30, 220,  60])
 array([228,  30, 340,  60]) array([ 40,  90, 110, 110])
 array([120,  90, 190, 110]) array([200,  90, 250, 110])
 array([260,  90, 330, 110]) array([ 40, 125,  80, 145])
 array([ 88, 125, 110, 145]) array([118, 125, 190, 145])
 array([200, 125, 260, 145]) array([270, 125, 330, 145])]","['HEADER' 'HEADER' 'HEADER' 'QUESTION' 'ANSWER' 'ANSWER' 'ANSWER'
 'QUESTION' 'QUESTION' 'QUESTION' 'ANSWER' 'ANSWER']","[array([3, 4]) array([ 7, 10])]",FUNSD,v1.0
SROIE_TRAIN_0001,data/raw/ocr/sroie/images/train_0001.jpg,train,"['GULF' 'LOGISTICS' 'SERVICES' 'Date:' '18/02/2026' 'Total' 'USD'
 '550,000.00']","[array([ 80,  20, 160,  45]) array([170,  20, 320,  45])
 array([330,  20, 480,  45]) array([ 60,  80, 120, 100])
 array([130,  80, 260, 100]) array([ 60, 220, 140, 250])
 array([150, 220, 200, 250]) array([210, 220, 380, 250])]","['COMPANY' 'COMPANY' 'COMPANY' 'QUESTION' 'DATE' 'QUESTION' 'QUESTION'
 'TOTAL']","[array([3, 4]) array([5, 7])]",SROIE,ICDAR_2019
SROIE_TEST_0001,data/raw/ocr/sroie/images/test_0001.jpg,test,"['PORT' 'OF' 'DUBAI' 'TERMINAL' 'Invoice:' 'INV-88910' 'Amount:'
 '$12,450.00']","[array([ 70,  25, 140,  50]) array([148,  25, 180,  50])
 array([188,  25, 270,  50]) array([278,  25, 410,  50])
 array([ 50,  90, 130, 110]) array([140,  90, 260, 110])
 array([ 50, 180, 140, 205]) array([150, 180, 280, 205])]","['COMPANY' 'COMPANY' 'COMPANY' 'COMPANY' 'QUESTION' 'INVOICE_NO'
 'QUESTION' 'TOTAL']","[array([4, 5]) array([6, 7])]",SROIE,ICDAR_2019
CORD_TRAIN_0001,data/raw/ocr/cord/images/train_0001.png,train,"['MARITIME' 'FREIGHT' 'ITEM:' 'BASMATI' 'RICE' '500MT' 'TOTAL:' '$550,000']","[array([ 50,  20, 150,  45]) array([160,  20, 260,  45])
 array([ 40,  80, 100, 100]) array([110,  80, 180, 100])
 array([190,  80, 240, 100]) array([250,  80, 320, 100])
 array([ 40, 150, 120, 175]) array([130, 150, 240, 175])]","['HEADER' 'HEADER' 'QUESTION' 'ANSWER' 'ANSWER' 'ANSWER' 'QUESTION'
 'ANSWER']","[array([2, 3]) array([6, 7])]",CORD,v2.0
CORD_VAL_0001,data/raw/ocr/cord/images/val_0001.png,validation,['CUSTOMS' 'DUTY' 'RATE:' '0.0%' 'EXEMPT'],"[array([ 60,  30, 150,  55]) array([160,  30, 220,  55])
 array([ 50,  90, 110, 110]) array([120,  90, 170, 110])
 array([180,  90, 260, 110])]",['HEADER' 'HEADER' 'QUESTION' 'ANSWER' 'ANSWER'],"[array([2, 3])]",CORD,v2.0
XFUND_ZH_0001,data/raw/ocr/xfund/images/zh_0001.png,train,"['海关' '报关单' '出口商:' '上海精密机械工业公司' '金额:' '$850,000']","[array([ 80,  20, 140,  50]) array([148,  20, 240,  50])
 array([ 50,  80, 130, 105]) array([140,  80, 380, 105])
 array([ 50, 140, 110, 165]) array([120, 140, 240, 165])]",['HEADER' 'HEADER' 'QUESTION' 'ANSWER' 'QUESTION' 'ANSWER'],"[array([2, 3]) array([4, 5])]",XFUND,v1.0
XFUND_DE_0001,data/raw/ocr/xfund/images/de_0001.png,train,"['ZOLLANMELDUNG' 'Ausführer:' 'Deutsche' 'Specialty' 'Chemicals' 'GmbH'
 'Wert:' 'EUR' '1.200.000']","[array([ 70,  25, 280,  55]) array([ 50,  85, 150, 110])
 array([160,  85, 240, 110]) array([250,  85, 330, 110])
 array([340,  85, 440, 110]) array([450,  85, 510, 110])
 array([ 50, 150, 110, 175]) array([120, 150, 160, 175])
 array([170, 150, 280, 175])]","['HEADER' 'QUESTION' 'ANSWER' 'ANSWER' 'ANSWER' 'ANSWER' 'QUESTION'
 'QUESTION' 'ANSWER']","[array([1, 2]) array([6, 8])]",XFUND,v1.0
